rateno,gametitle,genre,grade,content,grade_label
GOOG-SG-240131-0226,다크 슬레이어 (Dark Slayer),RPG,15세이용가,폭력성,전체이용가
MSFT-SG-240131-0006,Infinite Heights,기타,15세이용가,,전체이용가
GOOG-SG-240131-0116,My Craft Locomotive Train,시뮬레이션,15세이용가,공포,전체이용가
FORT-SG-240131-0222,1V1 AUSTIN0340,기타,15세이용가,폭력성,전체이용가
FORT-SG-240131-0210,FREE FOR ALL BOX FIGHT! AUSTIN0340,액션,15세이용가,폭력성,전체이용가
FORT-SG-240131-0208,PIT AUSTIN0340,액션,15세이용가,폭력성,전체이용가
GOOG-SG-240131-0216,Tangle Tactic All Games,퍼즐,15세이용가,,전체이용가
GOOG-SG-240131-0127,Parking Queue,퍼즐,15세이용가,공포,전체이용가
GOOG-SG-240131-0076,999 Souls laugh,기타,15세이용가,,전체이용가
GOOG-SG-240131-0382,Beat Slide,기타,15세이용가,,전체이용가
OCUL-SG-240229-0001,Operation Warcade,액션,15세이용가,폭력성,전체이용가
GOOG-SG-240229-0206,Farming Day Solitaire Games,기타,15세이용가,공포,전체이용가
GOOG-SG-240229-0663,Quest Finder Adventures,RPG,15세이용가,,전체이용가
MSFT-SG-240229-0005,Calendar Quest Adventure,기타,15세이용가,,전체이용가
ONIA-SG-240229-0001,머지머지 고양이 카페: 카페 꾸미기,퍼즐,15세이용가,,전체이용가
GOOG-SG-240229-0509,Fight Jam,퍼즐,15세이용가,,전체이용가
OCUL-SG-240229-0005,Dance Collider,기타,15세이용가,,전체이용가
GOOG-SG-240229-0349,СтанокСимулятор Кейс Симулятор,시뮬레이션,15세이용가,,전체이용가
GOOG-SG-240229-0419,Lines 98 ® 오리지널 클래식 컬러 볼,기타,15세이용가,,전체이용가
GOOG-SG-240229-0395,Jelly Match Puzzle!,퍼즐,15세이용가,,전체이용가
MSFT-SG-240331-0001,Can't wait to die,기타,15세이용가,,전체이용가
GOOG-SG-240331-0157,Math Game,기타,15세이용가,,전체이용가
GOOG-SG-240331-0198,Target Practice,기타,15세이용가,,전체이용가
GOOG-SG-240331-0166,Math Puzzle,기타,15세이용가,,전체이용가
GOOG-SG-240331-0212,Sava??ı - Prenses'i Kurtar,전략,15세이용가,,전체이용가
OCUL-SG-240331-0007,Build and Break,퍼즐,15세이용가,,전체이용가
OCUL-SG-240331-0001,Sphere Guys,액션,15세이용가,공포,전체이용가
GOOG-SG-240331-0221,Memoria,전략,15세이용가,,전체이용가
GOOG-SG-240331-0262,Puzzle Deslizable,퍼즐,15세이용가,,전체이용가
GOOG-SG-240331-0170,Magic Dungeon Elemental,기타,15세이용가,,전체이용가
GOOG-SG-240430-0434,Naadgai,기타,15세이용가,,전체이용가
GOOG-SG-240430-0232,Auto RiskRisk,전략,15세이용가,폭력성,전체이용가
OCUL-SG-240430-0005,VR Nurse Sim by Simlogic,기타,15세이용가,,전체이용가
GOOG-SG-240430-0408,Retro360 Ping Pong,기타,15세이용가,,전체이용가
GOOG-SG-240430-0287,버스 운전 게임,시뮬레이션,15세이용가,,전체이용가
GOOG-SG-240430-0322,Cute Pink Bear Jigsaw Puzzle,퍼즐,15세이용가,,전체이용가
SSCP-SG-240430-0006,Astroneer - 여가운동 꾸러미,기타,15세이용가,,전체이용가
GOOG-SG-240430-0088,동물 그림의 차이,퍼즐,15세이용가,,전체이용가
GOOG-SG-240430-0079,Eternya Tactics,RPG,15세이용가,,전체이용가
GOOG-SG-240430-0092,TicTacToe,기타,15세이용가,,전체이용가
GOOG-SG-240531-0088,Grocery Manager Simulator,시뮬레이션,15세이용가,,전체이용가
GOOG-SG-240531-0368,Make 10 Puzzle Math,퍼즐,15세이용가,,전체이용가
GOOG-SG-240531-0379,Bubble Shooter Island,시뮬레이션,15세이용가,,전체이용가
GOOG-SG-240531-0272,ABC Kids Learning,기타,15세이용가,,전체이용가
GOOG-SG-240531-0233,Sushi Please,기타,15세이용가,,전체이용가
GOOG-SG-240531-0388,Merge Ball Hyper Fun,퍼즐,15세이용가,,전체이용가
GOOG-SG-240531-0067,Numbers Shooting Adventure,어드벤처,15세이용가,,전체이용가
GOOG-SG-240531-0274,Classical Sudoku,퍼즐,15세이용가,,전체이용가
GOOG-SG-240531-0150,Flag Painting Puzzle,기타,15세이용가,,전체이용가
MSFT-SG-240531-0016,Polimines Deluxe,퍼즐,15세이용가,,전체이용가
MSFT-SG-240630-0001,Break it: Crackdown,기타,15세이용가,,전체이용가
GOOG-SG-240630-0016,Dive into Europe,기타,15세이용가,,전체이용가
GOOG-SG-240630-0124,RetoMan?a,기타,15세이용가,,전체이용가
GOOG-SG-240630-0038,Ball Sort Color: Fun Puz Game,퍼즐,15세이용가,,전체이용가
GOOG-SG-240630-0095,Animal Dash Board,어드벤처,15세이용가,,전체이용가
OCUL-SG-240630-0003,Chompers Revived,기타,15세이용가,,전체이용가
GOOG-SG-240630-0102,테트리스 Triscolor 클래식 퍼즐 컬러 큐브 게임,퍼즐,15세이용가,,전체이용가
OCUL-SG-240630-0005,Fast Ape Frenzy,기타,15세이용가,공포,전체이용가
OCUL-SG-240630-0008,Glitch Runners 2,기타,15세이용가,,전체이용가
GOOG-SG-240630-0051,Real Car Parking Simulator,시뮬레이션,15세이용가,,전체이용가
MSFT-SG-240731-0019,SubwaySim 2 - Berlin Vehicle DLC: Gisela (GI/1E),시뮬레이션,15세이용가,,전체이용가
OCUL-SG-240731-0005,Car Racing Games - Car Games | SpeedX,시뮬레이션,15세이용가,,전체이용가
OCUL-SG-240731-0016,Dance Eden,기타,15세이용가,,전체이용가
NTDO-SG-240731-0002,Dog Jigsaw from Japan,퍼즐,15세이용가,,전체이용가
OCUL-SG-240731-0017,Exercise Your Demons!,기타,15세이용가,폭력성,
GOOG-SG-240731-0074,Fashion Game,퍼즐,15세이용가,,전체이용가
GOOG-SG-240831-0134,easy painting,기타,15세이용가,,전체이용가
GOOG-SG-240831-0013,Real Animal Truck Simulator 3d,전략,15세이용가,,전체이용가
FORT-SG-240831-0026,Domination E.G.O,기타,15세이용가,,전체이용가
GOOG-SG-240831-0080,Number Path: Hexa Links,퍼즐,15세이용가,,전체이용가
GOOG-SG-240831-0099,Shanghai Tile: Mahjong Match,퍼즐,15세이용가,,전체이용가
GOOG-SG-240831-0041,Party Lines : White House Race,전략,15세이용가,,전체이용가
OCUL-SG-240831-0002,Tantan's Hangout,기타,15세이용가,,전체이용가
GOOG-SG-240831-0082,Simply Swipe 3,기타,15세이용가,,전체이용가
GOOG-SG-240831-0037,NT FUT 25 Draft + Pack Opener,스포츠,15세이용가,,전체이용가
GOOG-SG-240831-0029,Elf Castle,액션,15세이용가,폭력성,전체이용가
GOOG-SG-240930-0226,Parcel Dasher,기타,15세이용가,,전체이용가
ONIA-SG-240930-0013,고양이 섬의 비밀,시뮬레이션,15세이용가,,전체이용가
ONIA-SG-240930-0022,마법의 잉크,퍼즐,15세이용가,,전체이용가
ONIA-SG-240930-0008,9UP 프로야구: KBO 모바일 야구 매니저,시뮬레이션,15세이용가,,전체이용가
ONIA-SG-240930-0010,카툰 슬래시: 온라인 방치형,RPG,15세이용가,,전체이용가
GOOG-SG-240930-0231,Balloon Flow Merge Puzzle,퍼즐,15세이용가,,전체이용가
GOOG-SG-240930-0012,Evacuation 5,기타,15세이용가,,전체이용가
GOOG-SG-240930-0041,Vampire Survivor:Blood Rising,기타,15세이용가,,전체이용가
OCUL-SG-240930-0004,Catjinni Survivors 데모,액션,15세이용가,폭력성,전체이용가
SSCP-SG-240930-0006,Rattle Royale,기타,15세이용가,,전체이용가
GOOG-SG-241031-0310,Marble Race Creator,퍼즐,15세이용가,,전체이용가
ONIA-SG-241031-0008,판타지타운,시뮬레이션,15세이용가,,전체이용가
GOOG-SG-241031-0268,유휴 강철 제국,시뮬레이션,15세이용가,,전체이용가
SSCP-SG-241031-0011,Mr.Slime in Dungeon,액션,15세이용가,,전체이용가
GOOG-SG-241031-0261,Колодезник,퍼즐,15세이용가,,전체이용가
GOOG-SG-241031-0161,Brain Teasers: IQ Brain Test,기타,15세이용가,,전체이용가
GOOG-SG-241031-0185,Montessori - Lire est un jeu,기타,15세이용가,,전체이용가
GOOG-SG-241031-0071,Puzzle Bubble,기타,15세이용가,,전체이용가
GOOG-SG-241031-0187,Traffic Bike 3D: City Tour,시뮬레이션,15세이용가,,전체이용가
GOOG-SG-241031-0069,Bus Fever - 주차 정체,퍼즐,15세이용가,,전체이용가
FORT-SG-241130-0310,Pro Free Build (1v1 ffa),격투,15세이용가,,전체이용가
GOOG-SG-241130-0116,Disk Blocks Falling Puzzle,기타,15세이용가,,전체이용가
GOOG-SG-241130-0069,Fun Auto Chess Game,기타,15세이용가,,전체이용가
OCUL-SG-241130-0012,Vine Tag!,액션,15세이용가,,전체이용가
OCUL-SG-241130-0006,Bubble Spree,스포츠,15세이용가,,전체이용가
NTDO-SG-241130-0001,Hill Climb on a Motorcycle,어드벤처,15세이용가,,전체이용가
GOOG-SG-241130-0148,Bolt Nuts Sort: Color Sort,퍼즐,15세이용가,,전체이용가
OCUL-SG-241130-0001,Chrono Weaver Demo,퍼즐,15세이용가,,전체이용가
GOOG-SG-241130-0132,Book Flap Adventure,기타,15세이용가,,전체이용가
GOOG-SG-241130-0151,Tunnel Taptics Fun,기타,15세이용가,,전체이용가
OCUL-SG-241231-0004,Untitled Tagging,액션,15세이용가,,전체이용가
GOOG-SG-241231-0107,Uckers.com,기타,15세이용가,,전체이용가
GOOG-SG-241231-0059,색깔 믹서 - 색깔 게임,기타,15세이용가,,전체이용가
OCUL-SG-241231-0003,Срочная доставка,기타,15세이용가,,전체이용가
OCUL-SG-241231-0011,Race Yourselves! [FREE EDITION],스포츠,15세이용가,,전체이용가
OCUL-SG-241231-0007,The Finders,어드벤처,15세이용가,,전체이용가
MSFT-SG-240131-0005,Cult of the Lamb: The Ultimate Guide,기타,15세이용가,폭력성,12세이용가
SSCP-SG-240131-0008,GBVSR 추가 캐릭터 세트 '일루자',액션,15세이용가,선정성,12세이용가
OCUL-SG-240229-0004,Elven Assassin,액션,15세이용가,폭력성,12세이용가
OCUL-SG-240229-0003,Bloody Monke,기타,15세이용가,공포,12세이용가
GOOG-SG-240229-0447,Shoot'em 3D: Shooting Master,기타,15세이용가,폭력성,12세이용가
GOOG-SG-240229-0253,Blade Ball: Death Dodgeball Up,기타,15세이용가,폭력성,12세이용가
FORT-SG-240229-0864,DINOSAUR RED VS BLUE 2,기타,15세이용가,폭력성,12세이용가
FORT-SG-240229-0893,1v1 buildfight infinite JKZ,기타,15세이용가,폭력성,12세이용가
FORT-SG-240229-0913,Tournament 1v1 Buildfights,기타,15세이용가,폭력성,12세이용가
FORT-SG-240229-0915,Temple Guardian 5 (Realm Raider),기타,15세이용가,폭력성,12세이용가
FORT-SG-240229-0923,MYTHIC MADNESS PVP ??,기타,15세이용가,폭력성,12세이용가
FORT-SG-240229-0888,M?xico Simulator,기타,15세이용가,폭력성,12세이용가
GOOG-SG-240331-0243,Palabra Incierta,기타,15세이용가,공포,12세이용가
FORT-SG-240331-0657,1v1 pvp,기타,15세이용가,폭력성,12세이용가
FORT-SG-240331-0659,Stranded On Island For 7 Days,기타,15세이용가,폭력성,12세이용가
FORT-SG-240331-0668,ZeroShotBob Hide -n-Seek,기타,15세이용가,폭력성,12세이용가
FORT-SG-240331-0699,GG BUNKER ZERO BILLD,기타,15세이용가,언어,12세이용가
FORT-SG-240331-0706,Ranked 1v1 Build Fights,기타,15세이용가,폭력성,12세이용가
FORT-SG-240331-0709,??RED VS BLUE?? BLUR VS MARZA??,기타,15세이용가,폭력성,12세이용가
FORT-SG-240331-0723,4 ISLAND SNIPER MINI-GAME,기타,15세이용가,폭력성,12세이용가
FORT-SG-240331-0599,The crazy Shaft,기타,15세이용가,폭력성,12세이용가
FORT-SG-240331-0619,Ultimate Edit Wars,기타,15세이용가,폭력성,12세이용가
GOOG-SG-240430-0333,방탈출 타이쿤 게임,시뮬레이션,15세이용가,공포,12세이용가
GOOG-SG-240430-0349,Tattoo Crazy Artist ASMR,시뮬레이션,15세이용가,폭력성,12세이용가
OCUL-SG-240430-0004,Gungyus VR!,기타,15세이용가,폭력성,
MSFT-SG-240430-0004,?冠にゃいん2024,기타,15세이용가,선정성,12세이용가
FORT-SG-240430-0380,ANIME BATTLE2,기타,15세이용가,폭력성,12세이용가
FORT-SG-240430-0395,1v1 Build-Fight (tayzor),기타,15세이용가,폭력성,12세이용가
FORT-SG-240430-0386,Prison Fights,기타,15세이용가,폭력성,12세이용가
FORT-SG-240430-0005,LobbyGame,기타,15세이용가,폭력성,12세이용가
FORT-SG-240430-0008,The Faraway,기타,15세이용가,폭력성,
FORT-SG-240430-0010,??BROOKHAVEN FORTNITE??BALLSDEEP,기타,15세이용가,폭력성,12세이용가
OCUL-SG-240531-0003,8번 출구 VR,퍼즐,15세이용가,폭력성,12세이용가
NTDO-SG-240531-0012,닌자 일섬 (Ninja Issen) : The Scroll of Dimension,액션,15세이용가,폭력성,12세이용가
OCUL-SG-240531-0004,Ape Administration,기타,15세이용가,폭력성,
MSFT-SG-240531-0010,Nerd Survivors,액션,15세이용가,폭력성,12세이용가
NTDO-SG-240531-0002,Zombie Harvest: Survival Farming Simulator,슈팅,15세이용가,폭력성,12세이용가
SSCP-SG-240531-0002,Cowboy Duel: Red Wild West Massacre,기타,15세이용가,폭력성,12세이용가
SECL-SM-240601-0001,ES-DE Frontend,시뮬레이션,15세이용가,폭력성,12세이용가
SECL-SM-240601-0013,Sinister Squidward: Horror Game,어드벤처,15세이용가,폭력성,12세이용가
SECL-SM-240601-0022,Water Sort Puzzle: Sort Color,퍼즐,15세이용가,사행성,12세이용가
SECL-SM-240601-0029,Euro City Bus Simulator 2024 : Driving Game,시뮬레이션,15세이용가,폭력성,12세이용가
FORT-SG-240630-0451,【００７】-ホテル編-,기타,15세이용가,공포,12세이용가
FORT-SG-240630-0453,50 Ways to Eliminate in Fortnite,기타,15세이용가,공포,12세이용가
FORT-SG-240630-0460,CHAOS&SPEEDY BETWARS,기타,15세이용가,폭력성,12세이용가
FORT-SG-240630-0461,GunFight Island,기타,15세이용가,폭력성,12세이용가
FORT-SG-240630-0462,Fortown,기타,15세이용가,폭력성,12세이용가
FORT-SG-240630-0463,?? 4v4v4v4 Zone Wars / Dicrazo ?? ??,기타,15세이용가,폭력성,12세이용가
FORT-SG-240630-0035,?? GOLD SNIPER ONESHOT! ??,기타,15세이용가,폭력성,12세이용가
FORT-SG-240630-0454,??Dont Get Sniffed 2??,기타,15세이용가,폭력성,
FORT-SG-240630-0457,tilted towers 32 zone wars zero build,기타,15세이용가,폭력성,12세이용가
FORT-SG-240630-0004,??BOXFIGHT ONE SHOT?? 16 PLAYERS,기타,15세이용가,폭력성,12세이용가
ONIA-SG-240731-0001,디펜덕: 머지 디펜스,RPG,15세이용가,폭력성,12세이용가
GOOG-SG-240731-0321,Beast Wave,어드벤처,15세이용가,폭력성,12세이용가
GOOG-SG-240731-0230,DomiMatch,퍼즐,15세이용가,폭력성,12세이용가
OCUL-SG-240731-0014,Nebula Taggering,기타,15세이용가,언어,12세이용가
FORT-SG-240731-0133,TiltedDani ZONE WARS,기타,15세이용가,폭력성,12세이용가
OCUL-SG-240731-0007,bonabo,기타,15세이용가,공포,12세이용가
FORT-SG-240731-0472,One Shot Megamap,기타,15세이용가,폭력성,12세이용가
FORT-SG-240731-0479,MISSING (HORROR),기타,15세이용가,공포,12세이용가
FORT-SG-240731-0480,SUPER ONE SHOT HEADSHOT ??,기타,15세이용가,폭력성,12세이용가
FORT-SG-240731-0181,Verse_Check,기타,15세이용가,약물,12세이용가
GOOG-SG-240831-0156,Trap Monster,기타,15세이용가,폭력성,12세이용가
NTDO-SG-240831-0002,Zombies Crusher,액션,15세이용가,폭력성,12세이용가
FORT-SG-240831-0515,SweatLandz,기타,15세이용가,폭력성,12세이용가
FORT-SG-240831-0484,??SUPER GUN GAME??EVENTS ??,기타,15세이용가,폭력성,12세이용가
FORT-SG-240831-0487,???? MARVEL VS DC ????,기타,15세이용가,폭력성,12세이용가
FORT-SG-240831-0488,1v1 Build Fight (4.3.4),기타,15세이용가,폭력성,12세이용가
FORT-SG-240831-0494,TUMBADOS PIT FFA,기타,15세이용가,폭력성,12세이용가
FORT-SG-240831-0497,Normal Red vs Blue,기타,15세이용가,폭력성,
FORT-SG-240831-0504,??Classic Sniper Oneshot??,기타,15세이용가,폭력성,12세이용가
FORT-SG-240831-0507,METEOR RED VS BLUE ????,기타,15세이용가,폭력성,12세이용가
ONIA-SG-240930-0023,저니 오브 모나크,RPG,15세이용가,폭력성,
GOOG-SG-240930-0306,주차 자동차 시뮬레이터,시뮬레이션,15세이용가,폭력성,12세이용가
GOOG-SG-240930-0201,Joyful Isles Game,기타,15세이용가,언어,12세이용가
GOOG-SG-240930-0126,Tanks Battle Field,전략,15세이용가,공포,12세이용가
MSFT-SG-240930-0021,Mistfall Hunter,액션,15세이용가,폭력성,12세이용가
ONIA-SG-240930-0018,S.O.S:스테이트 오브 서바이벌,기타,15세이용가,폭력성,12세이용가
ONIA-SG-240930-0016,갑부: 장사의 시대,기타,15세이용가,선정성,12세이용가
FORT-SG-240930-0372,Sakemuconite 4.5,기타,15세이용가,폭력성,12세이용가
FORT-SG-240930-0376,Fast 1v1,기타,15세이용가,폭력성,12세이용가
FORT-SG-240930-0378,ELASTI GIRL ?? VS CHUN-LI??,기타,15세이용가,폭력성,12세이용가
GOOG-SG-241031-0321,Protect The Swing,액션,15세이용가,폭력성,12세이용가
GOOG-SG-241031-0031,Scary School Survival 3D,어드벤처,15세이용가,공포,12세이용가
GOOG-SG-241031-0072,PyroVista: Firert Explorer,시뮬레이션,15세이용가,언어,12세이용가
OCUL-SG-241031-0007,Gibb.O6,액션,15세이용가,공포,12세이용가
GOOG-SG-241031-0175,Tile Jam: Domino Escape,기타,15세이용가,언어,12세이용가
FORT-SG-241031-0342,The Prison [HORROR],기타,15세이용가,폭력성,12세이용가
FORT-SG-241031-0349,Halloween Hunt,기타,15세이용가,공포,12세이용가
FORT-SG-241031-0358,ARTIC DUEL,기타,15세이용가,폭력성,12세이용가
FORT-SG-241031-0368,1V1 Build Fight [Maher],기타,15세이용가,폭력성,12세이용가
FORT-SG-241031-0006,Edit/Free Build/1v1,기타,15세이용가,폭력성,12세이용가
OCUL-SG-241130-0007,Scaredy Rat,액션,15세이용가,공포,12세이용가
OCUL-SG-241130-0002,Mad Monkes,액션,15세이용가,폭력성,
GOOG-SG-241130-0049,Sprunki Monster Music Beats,기타,15세이용가,폭력성,12세이용가
FORT-SG-241130-0271,?? MNKY ?? 1VS1??MAP??,기타,15세이용가,폭력성,12세이용가
FORT-SG-241130-0273,Family Man Funny Moments,기타,15세이용가,폭력성,12세이용가
FORT-SG-241130-0274,??1V1 FIGHTING SIMULATOR??,기타,15세이용가,폭력성,12세이용가
FORT-SG-241130-0275,1v1 Build Fight Slowwz,기타,15세이용가,공포,12세이용가
FORT-SG-241130-0276,??CHRISTMAS BOX FIGHTS??,기타,15세이용가,폭력성,12세이용가
FORT-SG-241130-0280,The Lost - Greasy Gangwar,기타,15세이용가,폭력성,12세이용가
FORT-SG-241130-0281,??SANTA VS SPIDER-MAN???,기타,15세이용가,폭력성,12세이용가
OCUL-SG-241231-0013,MonkeyVerse REDO,전략,15세이용가,폭력성,
NTDO-SG-241231-0001,Mine Clicker - Base Craft Building Game,전략,15세이용가,폭력성,12세이용가
ONIA-SG-241231-0004,도쿄 구울: Awakening,기타,15세이용가,폭력성,12세이용가
OCUL-SG-241231-0012,Chimp Terror!,어드벤처,15세이용가,폭력성,
OCUL-SG-241231-0005,PlayPal - AI Town,시뮬레이션,15세이용가,폭력성,12세이용가
MSFT-SG-241231-0015,Where Angels Cry 2: Tears of Fallen Collector's Edition,액션,15세이용가,폭력성,12세이용가
OCUL-SG-241231-0006,Banna Monkes V3,어드벤처,15세이용가,공포,12세이용가
MSFT-SG-241231-0012,Brightstone Mysteries: The Paranormal Hotel,액션,15세이용가,폭력성,12세이용가
MSFT-SG-240131-0014,I'm on Observation Duty 6,기타,15세이용가,폭력성,
GOOG-SG-240131-0529,SIM Dispatcher,시뮬레이션,15세이용가,약물,15세이용가
GOOG-SG-240131-0187,정욕 욕망: 사랑 게임,기타,15세이용가,선정성,15세이용가
GOOG-SG-240131-0534,의뢰하세요! 길드! : 판타지 길드 키우기,시뮬레이션,15세이용가,약물,15세이용가
ONES-SM-240131-0004,Arcane Arts Academy,기타,15세이용가,폭력성,
SGHS-SP-240119-0008,Love n Life: Lucky Teacher,시뮬레이션,15세이용가,선정성,
SGHS-SP-240131-0005,Fantasy of Caocao:2 - Skin Pack,전략,15세이용가,폭력성,
GOOG-SG-240131-0549,Sushi Game,퍼즐,15세이용가,선정성,15세이용가
MSFT-SG-240130-0023,Dentist Bling,시뮬레이션,15세이용가,약물,15세이용가
MSFT-SG-240229-0008,Magnus Trilogy,퍼즐,15세이용가,폭력성,
NTDO-SG-240229-0002,Erogods: Mirage 에로고드: 미라지,퍼즐,15세이용가,선정성,15세이용가
NTDO-SG-240229-0003,Neko Girls Puzzle,기타,15세이용가,선정성,15세이용가
GOOG-SG-240229-0697,Police Car Sim Cop Game 2024,전략,15세이용가,폭력성,15세이용가
NTDO-SG-240228-0009,브레이드: 애니버서리 에디션,퍼즐,15세이용가,약물,15세이용가
NTDO-SG-240228-0018,Blazing Strike,기타,15세이용가,선정성,
NTDO-SG-240228-0004,Frowntown,RPG,15세이용가,선정성,
SSCP-SG-240228-0006,Blazing Strike,기타,15세이용가,선정성,
MSFT-SG-240228-0010,Get Even,액션,15세이용가,약물,
GOOG-SG-240331-0247,バツ消しゾンビガ?ルズ,퍼즐,15세이용가,선정성,15세이용가
GOOG-SG-240331-0282,Concentration Game,퍼즐,15세이용가,약물,15세이용가
EPIC-SG-240330-0007,SMITE 2,액션,15세이용가,폭력성,
EPIC-SG-240330-0001,Reliefs The Time of the Lemures,어드벤처,15세이용가,폭력성,
GOOG-SG-240330-0174,Match 3D Triple: Puzzle game,퍼즐,15세이용가,폭력성,15세이용가
EPIC-SG-240330-0009,The Wraith of the Galaxy,액션,15세이용가,폭력성,15세이용가
GOOG-SG-240329-0226,Flower Harmony - Jigsaw Puzzle,기타,15세이용가,선정성,15세이용가
SSCP-SG-240329-0007,Mindcop,기타,15세이용가,폭력성,15세이용가
OCUL-SG-240329-0001,Saki Monkeys!,기타,15세이용가,공포,15세이용가
GOOG-SG-240430-0107,Galaxy Unicorn Cake,기타,15세이용가,선정성,15세이용가
GOOG-SG-240430-0183,둠스데이: 라스트 서바이버,전략,15세이용가,선정성,15세이용가
GOOG-SG-240430-0297,Pirate's Cannons: Caribbean,기타,15세이용가,약물,15세이용가
GOOG-SG-240430-0437,체코 어 단어 검색,기타,15세이용가,언어,15세이용가
SSCP-SG-240430-0001,Bridge Constructor: The Walking Dead,기타,15세이용가,약물,15세이용가
SGHS-SP-240202-0018,Love n Life: Lucky Teacher,시뮬레이션,15세이용가,선정성,
EPIC-SG-240430-0001,Warhammer 40,,,,
GOOG-SG-240429-0402,Take ah Drink - Drinking Game,기타,15세이용가,약물,
SSCP-SG-240429-0009,EA SPORTS™ College Football 25,기타,15세이용가,약물,15세이용가
MSFT-SG-240429-0019,Lunacy: Saint Rhodes,액션,15세이용가,폭력성,15세이용가
SSCP-SG-240531-0004,젠장! 미녀들한테 포위당했어! 체험판,기타,15세이용가,선정성,15세이용가
MSFT-SG-240531-0009,Experience x3 - Ancient Phantasma,RPG,15세이용가,선정성,
SSCP-SG-240531-0003,Experience x3 - Ancient Phantasma,기타,15세이용가,선정성,
OCUL-SG-240630-0006,LabApes,액션,15세이용가,공포,15세이용가
GOOG-SG-240630-0040,Guess AI: Pictures Trivia,기타,15세이용가,약물,15세이용가
GOOG-SG-240630-0096,Quiz: Guess music Celebrity,기타,15세이용가,선정성,15세이용가
OCUL-SG-240629-0011,Gun Shooter Defense World War 1,슈팅,15세이용가,폭력성,15세이용가
MSFT-SG-240629-0004,Creepy Tale: Some Other Place (Xbox Series X|S),액션,15세이용가,폭력성,
MSFT-SG-240629-0005,Creepy Tale: Some Other Place (Windows),액션,15세이용가,폭력성,
GOOG-SG-240629-0082,Shooting Stars | Otome Game,시뮬레이션,15세이용가,선정성,15세이용가
SGHS-SP-240628-0046,서큐하트 DEMO,기타,15세이용가,선정성,
SGHS-SP-240629-0001,서큐하트 DEMO,기타,15세이용가,선정성,
NTDO-SG-240628-0004,DROVA,격투,15세이용가,약물,
MSFT-SG-240731-0022,The Stone of Madness,전략,15세이용가,폭력성,
SSCP-SG-240731-0006,The Stone of Madness,기타,15세이용가,폭력성,
EPIA-SG-240731-0003,The Stone of Madness,기타,15세이용가,폭력성,
OCUL-SG-240731-0013,Snapstick,퍼즐,15세이용가,약물,15세이용가
MSFT-SG-240731-0015,The Jackbox Survey Scramble,퍼즐,15세이용가,약물,15세이용가
MSFT-SG-240831-0004,Call of Duty® + United Offensive®,슈팅,15세이용가,폭력성,15세이용가
GOOG-SG-240831-0012,?出ゲ?ム　居酒屋から出たい,어드벤처,15세이용가,약물,15세이용가
GOOG-SG-240831-0022,VOXEL ZOMBIE FPS LITE,기타,15세이용가,폭력성,15세이용가
GOOG-SG-240831-0066,스페인 내전,전략,15세이용가,폭력성,15세이용가
GOOG-SG-240831-0101,Zombie Fire Shooting Games,전략,15세이용가,폭력성,
GOOG-SG-240831-0123,Wukong: Legend of Dark Myth,RPG,15세이용가,폭력성,15세이용가
GOOG-SG-240831-0149,오직 진실만,기타,15세이용가,약물,15세이용가
SGHS-SP-240831-0003,RangBi-Demo,전략,15세이용가,폭력성,
NTDO-SG-240830-0008,로피 칠 세션 릴렉스 아일랜드 - Lofi Chill Sessions: Relax Island,시뮬레이션,15세이용가,선정성,15세이용가
MSFT-SG-240830-0019,Deadly Contagion,기타,15세이용가,약물,15세이용가
NTDO-SG-240930-0009,명예와 부의 게임（Vanity Fair: The Pursuit）,액션,15세이용가,선정성,15세이용가
SSCP-SG-240930-0005,NiuGamer FMV Collection 1,기타,15세이용가,선정성,15세이용가
MSFT-SG-240930-0027,Among Ashes,액션,15세이용가,폭력성,
NTDO-SG-240930-0007,Victory Heat Rally,기타,15세이용가,선정성,15세이용가
GOOG-SG-240930-0068,FPS Commando : Secret Mission,액션,15세이용가,폭력성,15세이용가
SSCP-SG-240930-0004,Among Ashes,기타,15세이용가,폭력성,
MSFT-SG-240930-0023,Anime Dance-Off - Ghost Party,시뮬레이션,15세이용가,선정성,15세이용가
ONIA-SG-240930-0020,블러드에이지 : 3400뽑기 증정,기타,15세이용가,선정성,15세이용가
ONIA-SG-241031-0001,로스트 인 블루,RPG,15세이용가,폭력성,15세이용가
SSCP-SG-241031-0010,Night to Meet Chu!,기타,15세이용가,선정성,15세이용가
NTDO-SG-241031-0011,Twilight Monk,액션,15세이용가,약물,15세이용가
OCUL-SG-241031-0008,Zombified Dimensions - Zombie Shooting Game,격투,15세이용가,폭력성,15세이용가
OCUL-SG-241031-0009,Milforce,액션,15세이용가,폭력성,15세이용가
ONIA-SG-241031-0004,검투사의 서약,기타,15세이용가,선정성,
SECL-SM-241101-0001,Snake Robot Vs Falcon Transform Game,어드벤처,15세이용가,폭력성,15세이용가
SGHS-SP-240924-0013,백룸컴퍼니 (Backroom Company),어드벤처,15세이용가,폭력성,
SGHS-SR-241017-0001,6 Keys: The Gym,어드벤처,15세이용가,폭력성,
SGHS-SP-241017-0007,하숙생이 전부 미녀입니다만?,시뮬레이션,15세이용가,선정성,
OCUL-SG-241130-0010,Nightmare Tag,액션,15세이용가,공포,15세이용가
NTDO-SG-241130-0002,Soulbind: Tales Of The Underworld,액션,15세이용가,폭력성,15세이용가
MSFT-SG-241130-0007,Soulbind: Tales Of The Underworld,격투,15세이용가,폭력성,15세이용가
SSCP-SG-241130-0001,Soulbind: Tales Of The Underworld,기타,15세이용가,폭력성,15세이용가
GOOG-SG-241130-0182,무자비한 - 공포 게임,어드벤처,15세이용가,공포,15세이용가
GOOG-SG-241129-0182,Agent Hunt: Tactical FPS,액션,15세이용가,폭력성,15세이용가
MSFT-SG-241129-0011,레전드 코스튬 세트,RPG,15세이용가,약물,15세이용가
NTDO-SG-241231-0002,던전 오브 러브: 완벽한 애니메이션 남자친구로 만들기 위해 몬스터를 포획하세요 (Dungeon of Love: Catch Monsters to Make a Perfect Anime Boyfriend),RPG,15세이용가,선정성,15세이용가
ONIA-SG-241231-0003,리플레이 하숙생 3,기타,15세이용가,선정성,
SGHS-SP-241230-0005,The Ghost Spot LITE,어드벤처,15세이용가,공포,15세이용가
GOOG-SG-241231-0121,Ghaib: Penjaga Iman,어드벤처,15세이용가,공포,15세이용가
GOOG-SG-241231-0159,Capsa Susun Club Offline,기타,15세이용가,언어,15세이용가
GOOG-SG-241231-0180,Crime Gangster Mafia Car Game,RPG,15세이용가,폭력성,15세이용가
GOOG-SG-241231-0064,Makeover Tile: ASMR Blast,퍼즐,15세이용가,공포,15세이용가
GOOG-SG-241231-0047,Mafia: Covert Ops,액션,15세이용가,폭력성,15세이용가
GOOG-SG-241231-0115,Grand Vegas Simulator Crime 3D,액션,15세이용가,폭력성,15세이용가
GOOG-SG-241231-0043,Mafia City Vegas Crime Games,RPG,15세이용가,폭력성,15세이용가
GOOG-SG-240131-0126,War Games - Gun Shooting Games,액션,15세이용가,폭력성,청소년이용불가
MSFT-SG-240131-0009,브라더스: 두 아들 이야기 리메이크 (Brothers: A Tale of Two Sons Remake),액션,15세이용가,폭력성,청소년이용불가
SSCP-SG-240131-0004,브라더스: 두 아들의 이야기 리메이크,기타,15세이용가,폭력성,청소년이용불가
GOOG-SG-240131-0105,스나이퍼 스트라이크 3D 슈팅 게임,어드벤처,15세이용가,폭력성,청소년이용불가
GOOG-SG-240131-0085,저격게임: 스나이퍼 3d 어쌔신 슈팅 게임: 사격 게임,액션,15세이용가,폭력성,청소년이용불가
GOOG-SG-240131-0112,Sniper Shooting Games 3D,RPG,15세이용가,폭력성,청소년이용불가
SECL-SM-240131-0007,Secret Agent FPS Shooting,어드벤처,15세이용가,폭력성,청소년이용불가
GOOG-SG-240130-0015,GTA III - 데피니티브,액션,15세이용가,선정성,
GOOG-SG-240130-0147,Wild West Sniper: Cowboy War,액션,15세이용가,폭력성,청소년이용불가
GOOG-SG-240130-0109,Army Commando: 군대 개임 스페셜솔져 모던워,액션,15세이용가,폭력성,청소년이용불가
ONES-SM-240229-0004,Happy Solitaire : AI image collection,기타,15세이용가,선정성,청소년이용불가
GOOG-SG-240228-0116,Gangster Games Crime Simulator,전략,15세이용가,폭력성,청소년이용불가
GOOG-SG-240228-0006,금지된 숲의 밤 : 고수위 판타지 로맨스 오토메 스토리,시뮬레이션,15세이용가,선정성,청소년이용불가
GOOG-SG-240228-0066,Battle Royale League: Offline,액션,15세이용가,폭력성,청소년이용불가
ONIA-SG-240226-0004,달빛조각사: 다크게이머,RPG,15세이용가,폭력성,
OCUL-SG-240226-0001,갬빗!,액션,15세이용가,폭력성,청소년이용불가
GOOG-SG-240226-0052,Ganyang Setan Alas!,액션,15세이용가,폭력성,청소년이용불가
GOOG-SG-240226-0024,fps 사격 총 게임 2022년,전략,15세이용가,폭력성,청소년이용불가
GOOG-SG-240226-0013,Hopeless Battleground Fight,전략,15세이용가,폭력성,
GOOG-SG-240226-0063,판타지로 가다,RPG,15세이용가,선정성,청소년이용불가
SSCP-SG-240327-0001,SOUTH PARK: SNOW DAY! Digital Deluxe,기타,15세이용가,폭력성,
NTDO-SG-240327-0001,SOUTH PARK: SNOW DAY! Chaos Pack,기타,15세이용가,폭력성,
MSFT-SG-240327-0001,SOUTH PARK: SNOW DAY! Choas Pack,액션,15세이용가,폭력성,
GOOG-SG-240426-0020,소녀세계:소녀 PLAY 방치 EASY,RPG,15세이용가,선정성,청소년이용불가
SECL-SM-240427-0006,Sword Fighting Gladiator Games 3D - Shadow Ninja Fight Game 2024 - PvP Ninja Assassin Fighting Games Offline,어드벤처,15세이용가,폭력성,청소년이용불가
NTDO-SG-240424-0001,라이브러리 오브 루이나 (Library Of Ruina),RPG,15세이용가,폭력성,청소년이용불가
SSCP-SG-240424-0003,라이브러리 오브 루이나,기타,15세이용가,폭력성,청소년이용불가
SECL-SM-240425-0003,피망 뉴맞고 : 대한민국 1등 고스톱 for Samsung,기타,15세이용가,,청소년이용불가
SECL-SM-240424-0027,Bigfoot Hunting: Yeti Monster,어드벤처,15세이용가,폭력성,청소년이용불가
GOOG-SG-240422-0175,BIGPOT 999,기타,15세이용가,사행성,청소년이용불가
MSFT-SG-240419-0010,골드 히어로 팩 ? 포 아너,기타,15세이용가,폭력성,청소년이용불가
GOOG-SG-240531-0001,지금 우리 학교는,어드벤처,15세이용가,폭력성,
SECL-SM-240601-0025,Blackjack 21,기타,15세이용가,사행성,청소년이용불가
GOOG-SG-240529-0107,타이젬 바둑 · 프로 - 베팅,,,,
GOOG-SG-240529-0160,A.I 맞고,기타,15세이용가,사행성,청소년이용불가
MSFT-SG-240528-0025,집주인이 너무해,기타,15세이용가,사행성,
SSCP-SG-240528-0015,집주인이 너무해,기타,15세이용가,사행성,
SECL-SM-240529-0011,Blackjack 21: Card Game,기타,15세이용가,사행성,청소년이용불가
NTDO-SG-240525-0001,러브 딜리버리,시뮬레이션,15세이용가,언어,청소년이용불가
GOOG-SG-240524-0117,Ranch Farm Animal Simulator 24,어드벤처,15세이용가,폭력성,청소년이용불가
GOOG-SG-240522-0028,성인 맞고 - Adult Gallery,기타,15세이용가,사행성,청소년이용불가
GOOG-SG-240628-0007,레인보우TV 포커,기타,15세이용가,사행성,청소년이용불가
SECL-SM-240629-0002,Zombie FPS Game: Gun Games,전략,15세이용가,폭력성,청소년이용불가
SECL-SM-240629-0001,Critical Gun Strike Shooting,슈팅,15세이용가,폭력성,청소년이용불가
SSCP-SG-240627-0001,Vertigo 2,기타,15세이용가,폭력성,청소년이용불가
GOOG-SG-240627-0181,Army Strike: 코만도 게임 스트라이크 소총,퍼즐,15세이용가,폭력성,청소년이용불가
GOOG-SG-240627-0167,Sniper Multiplayer,액션,15세이용가,폭력성,청소년이용불가
GOOG-SG-240627-0184,Ghost Killer Scary Horror Game,어드벤처,15세이용가,폭력성,청소년이용불가
GOOG-SG-240627-0188,오프라인 Fps 게임 2024,액션,15세이용가,폭력성,청소년이용불가
OCUL-SG-240626-0001,Breachers,액션,15세이용가,폭력성,청소년이용불가
SSCP-SG-240626-0017,Easy Red 2: Shanghai-Nanking,기타,15세이용가,폭력성,청소년이용불가
OCUL-SG-240731-0004,Still Alive,액션,15세이용가,폭력성,청소년이용불가
GOOG-SG-240731-0014,Arcade Games,기타,15세이용가,폭력성,청소년이용불가
OCUL-SG-240731-0003,Samurai VR,액션,15세이용가,폭력성,청소년이용불가
GOOG-SG-240731-0005,Gun War WW2: 워존 개임 저격수 3d 총쏘기,액션,15세이용가,폭력성,청소년이용불가
MSFT-SG-240731-0020,알비온 온라인,RPG,15세이용가,폭력성,청소년이용불가
EPIA-SG-240731-0004,Rogue Journeyman Bundle,기타,15세이용가,폭력성,청소년이용불가
OCUL-SG-240731-0002,Nova Sol Marine,액션,15세이용가,폭력성,청소년이용불가
GOOG-SG-240731-0059,Counter Attack On Zombies,액션,15세이용가,폭력성,청소년이용불가
OCUL-SG-240731-0001,TheOtherShore,액션,15세이용가,폭력성,청소년이용불가
GOOG-SG-240830-0197,생존의 기술 - 알비온에서 살아남은 불멸의 검투사,액션,15세이용가,폭력성,청소년이용불가
GOOG-SG-240829-0121,Archer Fort Assassin Shooting,어드벤처,15세이용가,폭력성,청소년이용불가
SSCP-SG-240829-0001,7 Days To Die - 유쾌한 약탈자 방어구 세트,액션,15세이용가,폭력성,
GOOG-SG-240829-0096,Real Card Fight,액션,15세이용가,폭력성,청소년이용불가
ONIA-SG-240930-0004,걸스타그램: 19금 일러스트 퍼즐 게임,퍼즐,15세이용가,선정성,청소년이용불가
ONIA-SG-240930-0021,애니팡 포커,기타,15세이용가,사행성,청소년이용불가
GOOG-SG-240930-0005,zombies horror Sniper Surviva,기타,15세이용가,폭력성,청소년이용불가
GOOG-SG-240930-0034,맞고퀸,기타,15세이용가,사행성,청소년이용불가
GOOG-SG-240930-0009,애니팡 포커 - 카카오 7포커 로우바둑이 하이로우,기타,15세이용가,사행성,청소년이용불가
SECL-SM-241001-0008,West Cowboy Redemption - Horse Riding Cowboy Games,전략,15세이용가,폭력성,청소년이용불가
GOOG-SG-240930-0001,Idle Zombie Survivor,액션,15세이용가,폭력성,청소년이용불가
GOOG-SG-240930-0003,Hide from Zombies: ONLINE,액션,15세이용가,폭력성,청소년이용불가
GOOG-SG-240927-0253,Archer Legend: Bow & Arrow War,RPG,15세이용가,폭력성,청소년이용불가
GOOG-SG-240926-0023,소년 게임,기타,15세이용가,폭력성,청소년이용불가
ONIA-SG-241031-0006,아이들 엔젤스: 여신전쟁,RPG,15세이용가,선정성,청소년이용불가
ONIA-SG-241031-0014,라그나로크 오리진,RPG,15세이용가,사행성,청소년이용불가
GOOG-SG-241031-0002,지존게임 포커 바두기 섯다,기타,15세이용가,사행성,청소년이용불가
GOOG-SG-241031-0011,드래곤라자 오리진,RPG,15세이용가,폭력성,
GOOG-SG-241031-0081,Cover Attack Tactical Strike,액션,15세이용가,폭력성,청소년이용불가
GOOG-SG-241031-0122,지천 글로벌,RPG,15세이용가,폭력성,청소년이용불가
ONIA-SG-241030-0003,나이트 크로우,RPG,15세이용가,사행성,청소년이용불가
ONIA-SG-241030-0006,벽돌깨기 - 19금 성인 갤러리 (후방 주의),퍼즐,15세이용가,선정성,청소년이용불가
SECL-SM-241031-0010,Real Sniper 2024,어드벤처,15세이용가,폭력성,청소년이용불가
GOOG-SG-241030-0353,나이트 크로우,RPG,15세이용가,사행성,청소년이용불가
GOOG-SG-241128-0034,소녀 맞고 - 직업 고스톱,기타,15세이용가,선정성,
GOOG-SG-241128-0097,Dead Ahead: Zombie Warfare,전략,15세이용가,폭력성,청소년이용불가
GOOG-SG-241127-0028,Survival Fire Battlegrounds,액션,15세이용가,폭력성,청소년이용불가
GOOG-SG-241126-0008,Special OPS Game: FPS Shooting,기타,15세이용가,폭력성,청소년이용불가
GOOG-SG-241126-0257,열렙!,시뮬레이션,15세이용가,사행성,청소년이용불가
ONIA-SG-241126-0002,메가홀덤-Mega Holdem,기타,15세이용가,사행성,청소년이용불가
GOOG-SG-241126-0011,타임슬롯 카지노 - 더 미션,기타,15세이용가,,청소년이용불가
GOOG-SG-241126-0074,군사 특공대 사격 : 육군 시뮬레이터,,,,
GOOG-SG-241126-0003,Zombie Shooter 360,액션,15세이용가,폭력성,청소년이용불가
GOOG-SG-241126-0076,Tricky Insight Maze Escape 3D,어드벤처,15세이용가,폭력성,청소년이용불가
SSCP-SG-241230-0003,Predator: Hunting Grounds - Father Predator,액션,15세이용가,폭력성,
AAPL-SM-240204-0003,keyStack ® Play,기타,15세이용가,,4+
AAPL-SM-240204-0009,Treevel - Modern Action Puzzle,액션,15세이용가,,4+
AAPL-SM-240204-0021,Chef's Quest: Match Sensation,퍼즐,15세이용가,,4+
AAPL-SM-240204-0040,Bubble Boom: Balloon Shooter,퍼즐,15세이용가,,4+
AAPL-SM-240204-0042,Preschool Academy - Montessori,기타,15세이용가,,4+
AAPL-SM-240204-0062,Alphabet! ABC letters learning,기타,15세이용가,,4+
AAPL-SM-240204-0093,Traffic Jam Escape: Parking 3D,퍼즐,15세이용가,,4+
AAPL-SM-240204-0100,Trafic Line,기타,15세이용가,,4+
AAPL-SM-240204-0115,Qurio Scope,기타,15세이용가,,4+
AAPL-SM-240204-0121,Puzzle Blocks Classic,퍼즐,15세이용가,,4+
AAPL-SM-240303-0011,Boon!,기타,15세이용가,,4+
AAPL-SM-240303-0062,Room of Depression,퍼즐,15세이용가,,4+
AAPL-SM-240303-0069,Math Crossword - number puzzle,퍼즐,15세이용가,,4+
AAPL-SM-240303-0088,Cube Block - Tower of Glass,퍼즐,15세이용가,,4+
AAPL-SM-240303-0079,Hyrlink,액션,15세이용가,,4+
AAPL-SM-240303-0082,Taiyaki Game,기타,15세이용가,,4+
AAPL-SM-240303-0125,Carlichauns Adventure,기타,15세이용가,,4+
AAPL-SM-240303-0152,Truck Masters: India,시뮬레이션,15세이용가,,4+
AAPL-SM-240303-0159,Country Quiz Puzzle,퍼즐,15세이용가,,4+
AAPL-SM-240303-0160,Math Sum Puzzle,퍼즐,15세이용가,,4+
AAPL-SM-240407-0056,Pet Dog Rescue Shelter Games,시뮬레이션,15세이용가,,4+
AAPL-SM-240407-0058,MaxCrush,기타,15세이용가,,4+
AAPL-SM-240407-0180,Swipe Puzzle!,기타,15세이용가,,4+
AAPL-SM-240407-0217,Hearts : Deluxe Card Game,기타,15세이용가,,4+
AAPL-SM-240407-0271,Beyti Bee,퍼즐,15세이용가,,4+
AAPL-SM-240407-0275,Yummy Fingers,액션,15세이용가,,4+
AAPL-SM-240407-0277,Chameleon Escape 3D,기타,15세이용가,,4+
AAPL-SM-240407-0318,Desert Oasis,기타,15세이용가,,4+
AAPL-SM-240407-0358,Beat Cats: Music Hop,기타,15세이용가,,4+
AAPL-SM-240407-0400,Relaxing Pop It Machine Toy,퍼즐,15세이용가,,4+
AAPL-SM-240505-0004,Link ? Tile Madness!,퍼즐,15세이용가,,4+
AAPL-SM-240505-0010,Sudoku Puzzle Game!,퍼즐,15세이용가,,4+
AAPL-SM-240505-0028,Mr.Balcan Idle,시뮬레이션,15세이용가,,4+
AAPL-SM-240505-0039,Exitopia,퍼즐,15세이용가,,4+
AAPL-SM-240505-0052,Hero Hero Clicker - Idle Game,시뮬레이션,15세이용가,,4+
AAPL-SM-240505-0056,RGBle - Color Guessing Game,기타,15세이용가,,4+
AAPL-SM-240505-0075,Two Square: 2048 Numbers Merge,퍼즐,15세이용가,,4+
AAPL-SM-240505-0078,Hotel Town,퍼즐,15세이용가,,4+
AAPL-SM-240505-0090,Merge3 ：Wood Puzzle,퍼즐,15세이용가,,4+
AAPL-SM-240505-0091,Marble Blast,퍼즐,15세이용가,,4+
AAPL-SM-240602-0089,Bubble Ball!,퍼즐,15세이용가,,4+
AAPL-SM-240602-0106,¿Quieres ir a la Universidad?,기타,15세이용가,,4+
AAPL-SM-240602-0122,Tr??ng Sinh Ph?p,액션,15세이용가,,4+
AAPL-SM-240602-0123,Sudoku - Griddle Games,퍼즐,15세이용가,,4+
AAPL-SM-240602-0141,My Purrfect Cat Hotel,시뮬레이션,15세이용가,,4+
AAPL-SM-240602-0170,Joker Card,퍼즐,15세이용가,,4+
AAPL-SM-240602-0205,Survanoid,액션,15세이용가,,4+
AAPL-SM-240602-0209,Where's Your Daddy: Baby Prank,액션,15세이용가,,4+
AAPL-SM-240602-0270,Bubble Shooter Ball Pop Game,기타,15세이용가,,4+
AAPL-SM-240602-0271,Lipstick Makeup Black Hole,시뮬레이션,15세이용가,,4+
AAPL-SM-240707-0005,あそんで?ぼう「お金」 -MoneyEdu-,퍼즐,15세이용가,,4+
AAPL-SM-240707-0053,Black Death,기타,15세이용가,,4+
AAPL-SM-240707-0074,Art Story Jigsaw Puzzle Merge,퍼즐,15세이용가,,4+
AAPL-SM-240707-0133,JolJol,전략,15세이용가,,4+
AAPL-SM-240707-0146,Princess Escape : Hide & Sneek,시뮬레이션,15세이용가,,4+
AAPL-SM-240707-0234,Turtle Wall Breaker,시뮬레이션,15세이용가,,4+
AAPL-SM-240707-0306,化?構造式かるた,기타,15세이용가,,4+
AAPL-SM-240707-0322,Farm Blast Match 3,퍼즐,15세이용가,,4+
AAPL-SM-240707-0331,Clothing Store Simulator Game,시뮬레이션,15세이용가,,4+
AAPL-SM-240707-0340,Football Quiz: Fun Trivia Game,스포츠,15세이용가,,4+
AAPL-SM-240804-0030,Sportstar Magazine,스포츠,15세이용가,,4+
AAPL-SM-240804-0078,Gemstone Island: Farm Game,시뮬레이션,15세이용가,,4+
AAPL-SM-240804-0117,Paint with Zant: Kids Coloring,시뮬레이션,15세이용가,,4+
AAPL-SM-240804-0127,Car Repair Center 3D,시뮬레이션,15세이용가,,4+
AAPL-SM-240804-0177,Garden City 1,전략,15세이용가,,4+
AAPL-SM-240804-0165,Learner's Crosswords,퍼즐,15세이용가,,4+
AAPL-SM-240804-0204,Infection: Infect Cells,전략,15세이용가,,4+
AAPL-SM-240804-0212,Marble Crash,퍼즐,15세이용가,,4+
AAPL-SM-240804-0262,Hamster money clicker: coin,시뮬레이션,15세이용가,,4+
AAPL-SM-240804-0263,Apex Golf,액션,15세이용가,,4+
AAPL-SM-240908-0147,My Little Pet Vet: Idle Clinic,시뮬레이션,15세이용가,,4+
AAPL-SM-240908-0192,The Sudoku App,퍼즐,15세이용가,,4+
AAPL-SM-240908-0291,Match Story - Match 3 Games,기타,15세이용가,,4+
AAPL-SM-240908-0320,RckPaperScisr,기타,15세이용가,,4+
AAPL-SM-240908-0379,Letler: Spin and guess,기타,15세이용가,,4+
AAPL-SM-240908-0405,Nuts & Bolts Screw Sort Game,퍼즐,15세이용가,,4+
AAPL-SM-240908-0440,日本旅館からの?出,어드벤처,15세이용가,,4+
AAPL-SM-240908-0490,Cognido - Skill Challenge,퍼즐,15세이용가,,4+
AAPL-SM-240908-0491,Connect X,기타,15세이용가,,4+
AAPL-SM-240908-0498,Restaurant Empire 3D,기타,15세이용가,,4+
AAPL-SM-241006-0003,Super Idol : Dress Up Game,기타,15세이용가,,4+
AAPL-SM-241006-0007,Royal Roads 3,시뮬레이션,15세이용가,,4+
AAPL-SM-241006-0013,Pixelate it - Color and Relax,퍼즐,15세이용가,,4+
AAPL-SM-241006-0021,Casually Casual Snake Game,기타,15세이용가,,4+
AAPL-SM-241006-0036,Fable Town: Merge Games,시뮬레이션,15세이용가,,4+
AAPL-SM-241006-0049,Horse racing riding tales,시뮬레이션,15세이용가,,4+
AAPL-SM-241006-0060,Quiz with Fritz - Music Trivia,기타,15세이용가,,4+
AAPL-SM-241006-0078,Screw Journey,기타,15세이용가,,4+
AAPL-SM-241006-0085,City School Patrol Bus,전략,15세이용가,,4+
AAPL-SM-241006-0095,WALLPRIME! for Education,퍼즐,15세이용가,,4+
AAPL-SM-241103-0014,Meowville Food Fest,시뮬레이션,15세이용가,,4+
AAPL-SM-241103-0021,The Unbeatable Game - Rebirth,액션,15세이용가,,4+
AAPL-SM-241103-0037,Merge Number Games: Logic Game,퍼즐,15세이용가,,4+
AAPL-SM-241103-0038,Scattered Verse,어드벤처,15세이용가,,4+
AAPL-SM-241103-0041,Treenervate,시뮬레이션,15세이용가,,4+
AAPL-SM-241103-0047,Color Jam: Match Colors Puzzle,퍼즐,15세이용가,,4+
AAPL-SM-241103-0062,Idle Shopping Mall-Tycoon,시뮬레이션,15세이용가,,4+
AAPL-SM-241103-0098,Imperial Miners,기타,15세이용가,,4+
AAPL-SM-241103-0106,OctX,기타,15세이용가,,4+
AAPL-SM-241103-0107,Dobutsu Tower,액션,15세이용가,,4+
AAPL-SM-241208-0193,Big Red Racing,액션,15세이용가,,4+
AAPL-SM-241208-0229,Bolt Bolder!,기타,15세이용가,,4+
AAPL-SM-241208-0249,No WiFi ? Offline Games Hub,퍼즐,15세이용가,,4+
AAPL-SM-241208-0286,JigsawPuzzle - Lovely,퍼즐,15세이용가,,4+
AAPL-SM-241208-0410,Meqdam,어드벤처,15세이용가,,4+
AAPL-SM-241208-0480,Math Addition,기타,15세이용가,,4+
AAPL-SM-241208-0415,Match Away!!!,퍼즐,15세이용가,,4+
AAPL-SM-241208-0311,Ball Snake vs Numbers,액션,15세이용가,,4+
AAPL-SM-241201-0785,New Air Plane War,어드벤처,15세이용가,,4+
AAPL-SM-241208-0050,NBA 2K25 MyTEAM,스포츠,15세이용가,,4+
AAPL-SM-250105-0002,Sudoku?,퍼즐,15세이용가,,4+
AAPL-SM-250105-0021,Tambolaa,기타,15세이용가,,4+
AAPL-SM-250105-0057,Clothing Store Simulator - 3D,시뮬레이션,15세이용가,,4+
AAPL-SM-250105-0061,Retro: Space Attack,액션,15세이용가,,4+
AAPL-SM-250105-0064,Unsolved Case: Ash and Secrets,퍼즐,15세이용가,,4+
AAPL-SM-250105-0097,Canasta - Offline Card Game,기타,15세이용가,,4+
AAPL-SM-250105-0115,Number Connect: Path Puzzle,퍼즐,15세이용가,,4+
AAPL-SM-250105-0129,Glow Pairs,퍼즐,15세이용가,,4+
AAPL-SM-250105-0130,Cat Jam: Puzzle Challenge,퍼즐,15세이용가,,4+
AAPL-SM-250105-0134,?不住我?-救救?王&密室消除2逃?,퍼즐,15세이용가,,4+
AAPL-SM-240204-0050,Detective: Crime Mystery Game,퍼즐,15세이용가,,9+
AAPL-SM-240204-0522,Zombie Shooter: Zombie Games,액션,15세이용가,,9+
AAPL-SM-240204-0589,Color sort Club,어드벤처,15세이용가,,9+
AAPL-SM-240204-0673,Police Car Games Cop Simulator,시뮬레이션,15세이용가,,9+
AAPL-SM-240204-0527,Super Alpaca World,액션,15세이용가,,9+
AAPL-SM-240204-0135,999th Hero,시뮬레이션,15세이용가,,9+
AAPL-SM-240204-0334,Kim Games,퍼즐,15세이용가,,9+
AAPL-SM-240204-0473,Journey Color,퍼즐,15세이용가,,9+
AAPL-SM-240204-0033,Caves of Lore,전략,15세이용가,,9+
AAPL-SM-240204-0039,PocketScape: Crafting & Mining,시뮬레이션,15세이용가,,9+
AAPL-SM-240303-0049,異世界グルメ食堂,기타,15세이용가,,9+
AAPL-SM-240303-0153,12RPG,기타,15세이용가,,9+
AAPL-SM-240303-0695,Trivia Fight Ninjas,액션,15세이용가,,9+
AAPL-SM-240303-0728,My Little Cave,액션,15세이용가,,9+
AAPL-SM-240303-0759,Scary Spider Car Horror Drift,액션,15세이용가,,9+
AAPL-SM-240303-0630,Darkness Survivors,액션,15세이용가,,9+
AAPL-SM-240303-0730,Apocalypse Truck,어드벤처,15세이용가,,9+
AAPL-SM-240303-0590,Hoop Ball Master,기타,15세이용가,,9+
AAPL-SM-240303-0013,Tumble Rush,액션,15세이용가,,9+
AAPL-SM-240303-0293,Yu-Guess: Yu-Gi-Oh Card Trivia,기타,15세이용가,,9+
AAPL-SM-240407-0024,Kiss Me Ads,액션,15세이용가,,9+
AAPL-SM-240407-0476,Battle Fury: War Master,액션,15세이용가,,9+
AAPL-SM-240331-0711,Turtle Clash - iMessage Game,기타,15세이용가,,9+
AAPL-SM-240407-0028,Thief Simulator: Sneak & Steal,액션,15세이용가,,9+
AAPL-SM-240407-0299,BENTO BOX: Idle Game by SUSH,기타,15세이용가,,9+
AAPL-SM-240407-0459,??怪怪?,퍼즐,15세이용가,,9+
AAPL-SM-240331-0186,Rats N' Lasers,액션,15세이용가,,9+
AAPL-SM-240331-0016,Goo Gladiators,전략,15세이용가,,9+
AAPL-SM-240331-0052,Legend of Hunters,액션,15세이용가,,9+
AAPL-SM-240331-0123,Rival Star Stable: Horse Games,시뮬레이션,15세이용가,,9+
AAPL-SM-240505-0024,Loop Hero,전략,15세이용가,,9+
AAPL-SM-240505-0476,Castle run: Sword Master,액션,15세이용가,,9+
AAPL-SM-240505-0540,Connect 8 - Word Puzzle Game,퍼즐,15세이용가,,9+
AAPL-SM-240505-0564,Syrup Wizard,퍼즐,15세이용가,,9+
AAPL-SM-240505-0400,MiniWars!,액션,15세이용가,,9+
AAPL-SM-240505-0114,UB Craft,전략,15세이용가,,9+
AAPL-SM-240505-0133,Merge Tower Defense: 2048,퍼즐,15세이용가,,9+
AAPL-SM-240505-0093,汪汪?球游-旅途挑?,기타,15세이용가,,9+
AAPL-SM-240505-0278,Escape Game : Both Sides,퍼즐,15세이용가,,9+
AAPL-SM-240505-0485,Sigma-18,퍼즐,15세이용가,,9+
AAPL-SM-240602-0151,Tropicana Run,퍼즐,15세이용가,,9+
AAPL-SM-240602-0163,Fateforge: Chronicles of Kaan,기타,15세이용가,,9+
AAPL-SM-240602-0324,Emoji Maker: Fun Moji Game,퍼즐,15세이용가,,9+
AAPL-SM-240602-0367,Raptoroids,액션,15세이용가,,9+
AAPL-SM-240602-0442,Balloon Head: Duel,기타,15세이용가,,9+
AAPL-SM-240609-0263,ZomBees Rush,액션,15세이용가,,9+
AAPL-SM-240602-0757,Master Level Maker,어드벤처,15세이용가,,9+
AAPL-SM-240602-0556,Wolf Hero: Animals vs Robots,시뮬레이션,15세이용가,,9+
AAPL-SM-240602-0150,Block Force: Casual Puzzle RPG,퍼즐,15세이용가,,9+
AAPL-SM-240602-0207,It Happened Here 3: Detective,퍼즐,15세이용가,,9+
AAPL-SM-240707-0015,Slasher Escape Run,액션,15세이용가,,9+
AAPL-SM-240707-0018,Way of Kings,전략,15세이용가,,9+
AAPL-SM-240707-0031,?血修?,기타,15세이용가,,9+
AAPL-SM-240707-0383,FranckushiMama,어드벤처,15세이용가,,9+
AAPL-SM-240707-0431,Crazy World - Destroy & Smash,액션,15세이용가,,9+
AAPL-SM-240630-0039,The Gauntlet,액션,15세이용가,,9+
AAPL-SM-240630-0134,80s Overrun,전략,15세이용가,,9+
AAPL-SM-240630-0150,鬼樓回魂 - 密室逃脫類恐怖解謎遊?,어드벤처,15세이용가,,9+
AAPL-SM-240630-0187,Lost Mastery,전략,15세이용가,,9+
AAPL-SM-240707-0105,??????,액션,15세이용가,,9+
AAPL-SM-240804-0017,Enypnion Redreamed,퍼즐,15세이용가,,9+
AAPL-SM-240804-0022,Hook Shot Hero: Idle RPG Hunt,기타,15세이용가,,9+
AAPL-SM-240804-0041,Legend of the Skyfish 2,어드벤처,15세이용가,,9+
AAPL-SM-240804-0093,Titan Fury,액션,15세이용가,,9+
AAPL-SM-240804-0316,Wally Wombat's Adventure,어드벤처,15세이용가,,9+
AAPL-SM-240804-0143,MA 2 (Early Access),전략,15세이용가,,9+
AAPL-SM-240804-0178,Once Upon a Galaxy,전략,15세이용가,,9+
AAPL-SM-240804-0544,BearAvalanche - Combat Drift,액션,15세이용가,,9+
AAPL-SM-240804-0666,Onet Puzzle : Twin Link Match,퍼즐,15세이용가,,9+
AAPL-SM-240804-0691,BARRY'S PRISON RUN : Roblox,기타,15세이용가,,9+
AAPL-SM-240901-0067,Tiny Warriors Rush,전략,15세이용가,,9+
AAPL-SM-240908-0088,Horror Park of Mickey Mouse,액션,15세이용가,,9+
AAPL-SM-240908-0274,타락전사 키우기,시뮬레이션,15세이용가,,9+
AAPL-SM-240908-0295,あっ 無限放置勇者だ　超インフレロ?グライクRPGゲ?ム,어드벤처,15세이용가,,9+
AAPL-SM-240901-0608,地下城?理者,전략,15세이용가,,9+
AAPL-SM-240908-0115,Fright Chasers: Thrills Game,퍼즐,15세이용가,,9+
AAPL-SM-240908-0182,Risko - Sheperd's Leap,어드벤처,15세이용가,,9+
AAPL-SM-240901-0106,Necro - Roguelike RPG,전략,15세이용가,,9+
AAPL-SM-240901-0129,KUB Arena,기타,15세이용가,,9+
AAPL-SM-240901-0570,PuzzleMania 100%,퍼즐,15세이용가,,9+
AAPL-SM-241006-0033,Turret Master 3D: Zombie Kill,기타,15세이용가,,9+
AAPL-SM-241006-0041,Bad Hit Ball,어드벤처,15세이용가,,9+
AAPL-SM-241006-0167,Perry Broom Dash,액션,15세이용가,,9+
AAPL-SM-241006-0207,Block Blast: Tower Defense,퍼즐,15세이용가,,9+
AAPL-SM-241006-0299,Sneak n' Shift,기타,15세이용가,,9+
AAPL-SM-241006-0553,Dumb Deaths Halloween Deluxe,액션,15세이용가,,9+
AAPL-SM-241006-0559,Orbit Ball Defense,기타,15세이용가,,9+
AAPL-SM-241006-0644,Gun Simulator Ultimate,액션,15세이용가,,9+
AAPL-SM-241006-0149,Merge Brothers Saga,퍼즐,15세이용가,,9+
AAPL-SM-240929-0490,Taiwan Driver-Car Racing X Sim,시뮬레이션,15세이용가,,9+
AAPL-SM-241103-0031,BattleTabs,전략,15세이용가,,9+
AAPL-SM-241103-0077,Ragdoll Hit:Wild puppet battle,액션,15세이용가,,9+
AAPL-SM-241103-0104,Protect The Swing,기타,15세이용가,,9+
AAPL-SM-241103-0211,Super Rabbit Adventure,어드벤처,15세이용가,,9+
AAPL-SM-241103-0260,Detective IQ 2: Catch Thieves,퍼즐,15세이용가,,9+
AAPL-SM-241103-0363,Weird's Wich,퍼즐,15세이용가,,9+
AAPL-SM-241103-0382,Halloween Haunted House Repair,어드벤처,15세이용가,,9+
AAPL-SM-241103-0429,Ragdoll Sandbox 3D,시뮬레이션,15세이용가,,9+
AAPL-SM-241110-0122,Supermarket Motel Simulator 3d,시뮬레이션,15세이용가,,9+
AAPL-SM-241103-0200,Warbits Halfbrick+,액션,15세이용가,,9+
AAPL-SM-241201-0036,ユウレイと?する１００日間,어드벤처,15세이용가,,9+
AAPL-SM-241208-0259,Slime Gun: Jelly Shoot Wars 3D,액션,15세이용가,,9+
AAPL-SM-241208-0247,Car Color - Matching Games,퍼즐,15세이용가,,9+
AAPL-SM-241201-0218,はじまりの星と夢現の五重奏～クインテット～,기타,15세이용가,,9+
AAPL-SM-241201-0480,Fishing Viking,어드벤처,15세이용가,,9+
AAPL-SM-241201-0057,Yolk Heroes: A Long Tamago,기타,15세이용가,,9+
AAPL-SM-241201-0148,My Recycling Center Simulator,전략,15세이용가,,9+
AAPL-SM-241201-0064,Street Soccer: Ultimate Fight,액션,15세이용가,,9+
AAPL-SM-241201-0071,Slime Puzzle Story,퍼즐,15세이용가,,9+
AAPL-SM-241201-0076,Obsidian Knight RPG,어드벤처,15세이용가,,9+
AAPL-SM-250105-0003,Punch It,액션,15세이용가,,9+
AAPL-SM-250105-0047,Witch's Potion Shop,시뮬레이션,15세이용가,,9+
AAPL-SM-250105-0094,Coin Sort：Relax & Puzzle,퍼즐,15세이용가,,9+
AAPL-SM-250105-0172,One Touch Draw ? Single Line,퍼즐,15세이용가,,9+
AAPL-SM-250105-0034,Merge Lines,퍼즐,15세이용가,,9+
AAPL-SM-241229-0172,ASMR Master - Mukbang Eating,기타,15세이용가,,9+
AAPL-SM-241229-0021,Pig Scientist Neighbor,액션,15세이용가,,9+
AAPL-SM-241229-0029,BattleBoundTankWars,액션,15세이용가,,9+
AAPL-SM-241229-0078,Hunting Games Bird Hunter 2025,시뮬레이션,15세이용가,,9+
AAPL-SM-241229-0012,크로노스 사가,기타,15세이용가,,9+
AAPL-SM-240204-0023,G-LABS: BOTS & GUNS,액션,15세이용가,,12+
AAPL-SM-240204-0028,Gods Raid : Team Battle RPG,어드벤처,15세이용가,,12+
AAPL-SM-240204-0196,Forge Master: Idle RPG,어드벤처,15세이용가,,12+
AAPL-SM-240204-0212,f(x),전략,15세이용가,,12+
AAPL-SM-240204-0234,Makeover Empire: Coin & Design,기타,15세이용가,,12+
AAPL-SM-240204-0249,History Date Guesser,기타,15세이용가,,12+
AAPL-SM-240204-0261,DECODiT - Decrypt Crossword,기타,15세이용가,,12+
AAPL-SM-240204-0310,Hajwala GO,시뮬레이션,15세이용가,,12+
AAPL-SM-240204-0326,Parking Queue!,퍼즐,15세이용가,,12+
AAPL-SM-240204-0554,Brick Breaker: Shoot Ball,퍼즐,15세이용가,,12+
AAPL-SM-240303-0003,Tank Battle Top Shoot War Game,액션,15세이용가,,12+
AAPL-SM-240303-0042,Duel Revolution,어드벤처,15세이용가,,12+
AAPL-SM-240303-0050,RH3: Real Hajwala Race & Drift,액션,15세이용가,,12+
AAPL-SM-240303-0098,Block Master: Puzzle Games,퍼즐,15세이용가,,12+
AAPL-SM-240303-0166,Jigsaw Designer: Decor Puzzle,퍼즐,15세이용가,,12+
AAPL-SM-240303-0337,Parking Jam: Unblock Car Games,퍼즐,15세이용가,,12+
AAPL-SM-240303-0345,Nevsky Runner,어드벤처,15세이용가,,12+
AAPL-SM-240303-0431,Wild Animals Gorilla Rampage,전략,15세이용가,,12+
AAPL-SM-240303-0748,Gym Life - Workout Simulator,시뮬레이션,15세이용가,,12+
AAPL-SM-240303-0794,Puzzle Blocks Fit In,퍼즐,15세이용가,,12+
AAPL-SM-240407-0117,Love Matters：Merge & Story,퍼즐,15세이용가,,12+
AAPL-SM-240407-0387,Color Block : Puzzle Games,퍼즐,15세이용가,,12+
AAPL-SM-240407-0080,俺は勇者なんかじゃない,기타,15세이용가,,12+
AAPL-SM-240331-0151,Jello Blast,퍼즐,15세이용가,,12+
AAPL-SM-240331-0254,Bomber Hero!,액션,15세이용가,,12+
AAPL-SM-240331-0335,Choose: Witch Hunt,어드벤처,15세이용가,,12+
AAPL-SM-240331-0594,Mahjong Solitaire : Match Game,퍼즐,15세이용가,,12+
AAPL-SM-240331-0112,Witch Cry 2: The red hood,퍼즐,15세이용가,,12+
AAPL-SM-240331-0114,Slap Idle,액션,15세이용가,,12+
AAPL-SM-240331-0129,修?模擬器,어드벤처,15세이용가,,12+
AAPL-SM-240505-0022,Hidden Escape: Lost Island,퍼즐,15세이용가,,12+
AAPL-SM-240505-0055,違和感ミステリ?,기타,15세이용가,,12+
AAPL-SM-240505-0095,CrimeBot 2: Unsolved Cold Case,퍼즐,15세이용가,,12+
AAPL-SM-240505-0217,平安村を作ろう??園を?げ?政?白を目指せ?,전략,15세이용가,,12+
AAPL-SM-240505-0225,MedScroll,기타,15세이용가,,12+
AAPL-SM-240505-0391,Screw Sort Puzzle - Jam Games,퍼즐,15세이용가,,12+
AAPL-SM-240505-0409,Vending Jam Puzzle,퍼즐,15세이용가,,12+
AAPL-SM-240505-0420,Survivor's Stand: Idle RPG,어드벤처,15세이용가,,12+
AAPL-SM-240505-0426,Piranha Universe,기타,15세이용가,,12+
AAPL-SM-240505-0544,Infernojumpers,액션,15세이용가,,12+
AAPL-SM-240602-0027,Spinny Soccer,스포츠,15세이용가,,12+
AAPL-SM-240602-0034,My Personality AI,기타,15세이용가,,12+
AAPL-SM-240602-0047,Gunship Battle-Sky Shooter Sim,액션,15세이용가,,12+
AAPL-SM-240602-0235,주공을 지켜라,기타,15세이용가,,12+
AAPL-SM-240602-0240,Fruit Games Match & Swipe,퍼즐,15세이용가,,12+
AAPL-SM-240602-0307,Vault Crackers,기타,15세이용가,,12+
AAPL-SM-240602-0428,NETHER HEROES,액션,15세이용가,,12+
AAPL-SM-240602-0606,Ork Monster Hero Game,전략,15세이용가,,12+
AAPL-SM-240602-0729,Stick Tuber: Punch Fight Dance,액션,15세이용가,,12+
AAPL-SM-240602-0889,Shadow War:Doomsday Escape,어드벤처,15세이용가,,12+
AAPL-SM-240707-0343,Reflex Guardian,기타,15세이용가,,12+
AAPL-SM-240707-0435,GunnerDash:Rapid-firegunplay!,기타,15세이용가,,12+
AAPL-SM-240707-0051,Police Officer Cop Car Chase,액션,15세이용가,,12+
AAPL-SM-240707-0151,Boom Castle: Survivor Defense,전략,15세이용가,,12+
AAPL-SM-240630-0235,Skater Breaker,시뮬레이션,15세이용가,,12+
AAPL-SM-240630-0296,Color Block Jam,퍼즐,15세이용가,,12+
AAPL-SM-240630-0357,Drone Merge 3D,퍼즐,15세이용가,,12+
AAPL-SM-240630-0036,Red Hunt: Space Attack Shooter,액션,15세이용가,,12+
AAPL-SM-240630-0045,Tower Defense: Tank Games,전략,15세이용가,,12+
AAPL-SM-240630-0101,Sniper Shooter Wild,액션,15세이용가,,12+
AAPL-SM-240804-0019,Fantaleague,스포츠,15세이용가,,12+
AAPL-SM-240804-0063,My Perfect Defense,전략,15세이용가,,12+
AAPL-SM-240804-0148,MY UNHOLIC: romantic fantasy,시뮬레이션,15세이용가,,12+
AAPL-SM-240811-0161,Car Jam - Escape Puzzle,퍼즐,15세이용가,,12+
AAPL-SM-240804-0561,Kick Loser: Ragdoll Game,액션,15세이용가,,12+
AAPL-SM-240804-0687,Screw Sort Color Puzzle,기타,15세이용가,,12+
AAPL-SM-240804-0571,Fold Tangle,퍼즐,15세이용가,,12+
AAPL-SM-240804-0638,Pop The Screwbox-Puzzle Games,퍼즐,15세이용가,,12+
AAPL-SM-240804-0642,Angry Shark Simulator Game,액션,15세이용가,,12+
AAPL-SM-240804-0149,Wood Puzzle - Nuts & Bolts,퍼즐,15세이용가,,12+
AAPL-SM-240908-0102,Monster Brawl: Planet Defender,액션,15세이용가,,12+
AAPL-SM-240908-0205,Quizes - Trivia,,,,
AAPL-SM-240908-0228,Pixel By Number 2 - Pixel Art,기타,15세이용가,,12+
AAPL-SM-240908-0307,Soccer Game: Score a Goal,액션,15세이용가,,12+
AAPL-SM-240908-0378,9 Worlds,액션,15세이용가,,12+
AAPL-SM-240901-0650,Beast Smash: Meme Fight,액션,15세이용가,,12+
AAPL-SM-240908-0287,Phantom Files: Truth Seekers,기타,15세이용가,,12+
AAPL-SM-240901-0274,Jelly Block Fusion,퍼즐,15세이용가,,12+
AAPL-SM-240901-0422,姐是好女孩-逆?人生,시뮬레이션,15세이용가,,12+
AAPL-SM-240901-0448,Urban Crime Life: City Hustle,액션,15세이용가,,12+
AAPL-SM-241006-0169,방치형 수호자: 타워 디펜스,전략,15세이용가,,12+
AAPL-SM-241006-0181,RedWater,액션,15세이용가,,12+
AAPL-SM-241006-0526,Ranch Life: Farm Simulator 3D,시뮬레이션,15세이용가,,12+
AAPL-SM-241006-0633,Sun Tribal Uprising,기타,15세이용가,,12+
AAPL-SM-241006-0074,Made in Age!,기타,15세이용가,,12+
AAPL-SM-241006-0212,Spin & Defend,액션,15세이용가,,12+
AAPL-SM-241006-0008,Radioh!,기타,15세이용가,,12+
AAPL-SM-241006-0243,Soda Line,퍼즐,15세이용가,,12+
AAPL-SM-241006-0214,Bus Master - Global Travel,퍼즐,15세이용가,,12+
AAPL-SM-240929-0743,Timero - Productivity Game,기타,15세이용가,,12+
AAPL-SM-241103-0042,Devil's Purge,액션,15세이용가,,12+
AAPL-SM-241103-0051,Alcatmist,퍼즐,15세이용가,,12+
AAPL-SM-241103-0052,ONE MAP - Survival Royale,액션,15세이용가,,12+
AAPL-SM-241103-0067,Poppy Playtime Chapter 3,퍼즐,15세이용가,,12+
AAPL-SM-241103-0165,Year of the Ladybug: Season 1,어드벤처,15세이용가,,12+
AAPL-SM-241103-0219,Eagle Wolf Dragon,액션,15세이용가,,12+
AAPL-SM-241103-0718,Disassembly Master 3D,기타,15세이용가,,12+
AAPL-SM-241103-0530,stick.war Dragon Legacy 3D,전략,15세이용가,,12+
AAPL-SM-241103-0334,Dig Clash!,전략,15세이용가,,12+
AAPL-SM-241103-0094,Last Planet Defender,액션,15세이용가,,12+
AAPL-SM-241201-0049,Project MW,액션,15세이용가,,12+
AAPL-SM-241201-0154,War Ship Survive!,액션,15세이용가,,12+
AAPL-SM-241201-0155,Ninja Backpack,기타,15세이용가,,12+
AAPL-SM-241201-0168,Danger Dome: Monster Invasion,액션,15세이용가,,12+
AAPL-SM-241201-0188,Rush to Rule,액션,15세이용가,,12+
AAPL-SM-241201-0768,Towers Survivors,액션,15세이용가,,12+
AAPL-SM-241208-0319,Chaotic Mayhem,액션,15세이용가,,12+
AAPL-SM-241201-0526,Balloon World-Fun color,액션,15세이용가,,12+
AAPL-SM-241201-0267,Fighter's City: Survivor RPG,액션,15세이용가,,12+
AAPL-SM-241201-0415,Age of Sultans: Ottoman Empire,시뮬레이션,15세이용가,,12+
AAPL-SM-250105-0040,Hospital Frenzy- Doctor Games,전략,15세이용가,,12+
AAPL-SM-250105-0268,7lhaaa - ????,기타,15세이용가,,12+
AAPL-SM-250105-0156,Balls Quest,어드벤처,15세이용가,,12+
AAPL-SM-241229-0100,?ッ赤の太陽,어드벤처,15세이용가,,12+
AAPL-SM-241229-0138,MDS-TDGambit,퍼즐,15세이용가,,12+
AAPL-SM-241229-0040,?出ゲ?ム　ゲ?ムセンタ?から出たい,어드벤처,15세이용가,,12+
AAPL-SM-241229-0056,Rupture: Dark Slasher,액션,15세이용가,,12+
AAPL-SM-241229-0092,Pilot Havoc,액션,15세이용가,,12+
AAPL-SM-241229-0032,Dot Pile,퍼즐,15세이용가,,12+
AAPL-SM-241229-0038,Ball Jam Puzzle,퍼즐,15세이용가,,12+
AAPL-SM-240204-0075,Water Sorter,퍼즐,15세이용가,,17+
AAPL-SM-240204-0077,Word Riddle - Logic Puzzle,기타,15세이용가,,17+
AAPL-SM-240204-0167,Цветоворот - развивающая игра,퍼즐,15세이용가,,17+
AAPL-SM-240204-0272,TTYL: a nostalgic typing game,기타,15세이용가,,17+
AAPL-SM-240204-0277,Dream Girl: Sexy AI Girlfriend,시뮬레이션,15세이용가,,17+
AAPL-SM-240204-0293,Wood Nuts,,,,
AAPL-SM-240204-0330,Guidi Tu,기타,15세이용가,,17+
AAPL-SM-240204-0331,My Bakery Cake Shop,기타,15세이용가,,17+
AAPL-SM-240204-0507,BrainDeals,퍼즐,15세이용가,,17+
AAPL-SM-240204-0387,Wild Match - Puzzle Challenge,퍼즐,15세이용가,,17+
AAPL-SM-240303-0147,刺刺救援?,전략,15세이용가,,17+
AAPL-SM-240303-0188,Play-box Adventure,시뮬레이션,15세이용가,,17+
AAPL-SM-240303-0400,Pick Me Up Idle,기타,15세이용가,,17+
AAPL-SM-240303-0442,Astro Defender: Cosmic Crusade,액션,15세이용가,,17+
AAPL-SM-240303-0484,XOXO(??? ??? ?? ???????),기타,15세이용가,,17+
AAPL-SM-240303-0332,Virtual Droid 2,시뮬레이션,15세이용가,,17+
AAPL-SM-240303-0653,Freedom Checkers Challenge,전략,15세이용가,,17+
AAPL-SM-240303-0716,Boat River Dash,기타,15세이용가,,17+
AAPL-SM-240303-0775,Whising Tree,기타,15세이용가,,17+
AAPL-SM-240303-0722,Escape From Dreamland,액션,15세이용가,,17+
AAPL-SM-240407-0103,Please Leave Me Alone,액션,15세이용가,,17+
AAPL-SM-240407-0304,Cash King: Tycoon Earn Money,시뮬레이션,15세이용가,,17+
AAPL-SM-240407-0397,Cozy Mountain,시뮬레이션,15세이용가,,17+
AAPL-SM-240331-0670,Restaurant Queue,퍼즐,15세이용가,,17+
AAPL-SM-240331-0452,Magical School Garden,시뮬레이션,15세이용가,,17+
AAPL-SM-240331-0401,Giddyap,액션,15세이용가,,17+
AAPL-SM-240331-0159,Flag Quiz: Trivia Games,기타,15세이용가,,17+
AAPL-SM-240331-0160,????????: ???? ???? ??? ?????,기타,15세이용가,,17+
AAPL-SM-240331-0291,War EndGame,기타,15세이용가,,17+
AAPL-SM-240331-0133,LoyalBuds,기타,15세이용가,,17+
AAPL-SM-240505-0089,Yatzy With Friends,전략,15세이용가,,17+
AAPL-SM-240505-0131,Sticky Limbs,액션,15세이용가,,17+
AAPL-SM-240505-0153,Build and Survive,액션,15세이용가,,17+
AAPL-SM-240505-0161,Dig and Smith,액션,15세이용가,,17+
AAPL-SM-240505-0407,Blob Blast Puzzle,퍼즐,15세이용가,,17+
AAPL-SM-240505-0408,Goods Flow!,퍼즐,15세이용가,,17+
AAPL-SM-240505-0410,Ring Chain!,퍼즐,15세이용가,,17+
AAPL-SM-240505-0411,Squeeze Match!,퍼즐,15세이용가,,17+
AAPL-SM-240505-0413,Goods Away!,퍼즐,15세이용가,,17+
AAPL-SM-240505-0418,English Crossword for Beginner,기타,15세이용가,,17+
AAPL-SM-240602-0052,Alias: Party Game - Guess Word,기타,15세이용가,,17+
AAPL-SM-240602-0232,Альтушка для скуфа,시뮬레이션,15세이용가,,17+
AAPL-SM-240602-0238,Ball Game - Pipe Maze Puzzle,퍼즐,15세이용가,,17+
AAPL-SM-240602-0683,Cloud Runners,기타,15세이용가,,17+
AAPL-SM-240602-0693,World War Army Battlefield,전략,15세이용가,,17+
AAPL-SM-240602-0840,The Feelings & Emotions Game,기타,15세이용가,,17+
AAPL-SM-240602-0863,Don't Fall Ball,액션,15세이용가,,17+
AAPL-SM-240602-0893,Carrom Merge Color,기타,15세이용가,,17+
AAPL-SM-240609-0158,Hangi Araba,퍼즐,15세이용가,,17+
AAPL-SM-240602-0845,Unlock Ring Circle Puzzle Game,퍼즐,15세이용가,,17+
AAPL-SM-240707-0254,Tert Mobile,기타,15세이용가,,17+
AAPL-SM-240707-0461,Learn Icelandic Vocabulary,기타,15세이용가,,17+
AAPL-SM-240707-0462,Learn Icelandic Flashcards,기타,15세이용가,,17+
AAPL-SM-240707-0487,Neon Xplosion Shot Dots,액션,15세이용가,,17+
AAPL-SM-240707-0494,King Simulator: Accept Gift,시뮬레이션,15세이용가,,17+
AAPL-SM-240707-0111,Puzzle Pop Blaster,퍼즐,15세이용가,,17+
AAPL-SM-240707-0457,Vacuum Cleaner Master,액션,15세이용가,,17+
AAPL-SM-240707-0279,Cube Forward,퍼즐,15세이용가,,17+
AAPL-SM-240707-0359,Мишки-Братишки,기타,15세이용가,,17+
AAPL-SM-240707-0426,Hex Match : Match 3 Puzzle,퍼즐,15세이용가,,17+
AAPL-SM-240804-0033,Arrow Cubes,기타,15세이용가,,17+
AAPL-SM-240804-0047,Spray & Pray - FPS Bhop,액션,15세이용가,,17+
AAPL-SM-240804-0170,Battle Bomb · Trivia Game,기타,15세이용가,,17+
AAPL-SM-240804-0172,edio,기타,15세이용가,,17+
AAPL-SM-240804-0175,Bus Seat Jam Master 3D,퍼즐,15세이용가,,17+
AAPL-SM-240804-0241,RPG Restaurant Idle Hack&Slash,시뮬레이션,15세이용가,,17+
AAPL-SM-240804-0305,Tile Match Animal-Puzzle Game,기타,15세이용가,,17+
AAPL-SM-240804-0446,osu！,기타,15세이용가,,17+
AAPL-SM-240804-0593,SUPrize,기타,15세이용가,,17+
AAPL-SM-240804-0670,Cat Battle,어드벤처,15세이용가,,17+
AAPL-SM-240908-0076,Cold Case VR,기타,15세이용가,,17+
AAPL-SM-240908-0164,Predit,기타,15세이용가,,17+
AAPL-SM-240908-0166,Super Rich - Simulation,전략,15세이용가,,17+
AAPL-SM-240908-0305,The Superhero League 2,액션,15세이용가,,17+
AAPL-SM-240908-0064,VLTURE,액션,15세이용가,,17+
AAPL-SM-240908-0355,Warzone Survival: Battlefield,액션,15세이용가,,17+
AAPL-SM-240908-0464,Ramp Bike Stunt Extreme,기타,15세이용가,,17+
AAPL-SM-240901-0628,Truck Stunt 3D,시뮬레이션,15세이용가,,17+
AAPL-SM-240901-0031,Deep Blue Fish Survival 2025,액션,15세이용가,,17+
AAPL-SM-240901-0158,Fresh Barrels,기타,15세이용가,,17+
AAPL-SM-241006-0009,Roman tic tac toe,기타,15세이용가,,17+
AAPL-SM-241006-0496,Escape Game Streets Of Morocco,어드벤처,15세이용가,,17+
AAPL-SM-241006-0175,Your Stories: Interactive Game,시뮬레이션,15세이용가,,17+
AAPL-SM-241006-0216,Ball Tree,퍼즐,15세이용가,,17+
AAPL-SM-241006-0221,Stylish Girl!,시뮬레이션,15세이용가,,17+
AAPL-SM-241006-0508,Mr Clean : Car Wash,기타,15세이용가,,17+
AAPL-SM-240929-0793,Slayer of Monsters,기타,15세이용가,,17+
AAPL-SM-240929-0184,?????  3D,기타,15세이용가,,17+
AAPL-SM-240929-0212,Lion Pack,액션,15세이용가,,17+
AAPL-SM-240929-0324,Tug Warriors,기타,15세이용가,,17+
AAPL-SM-241103-0066,Happy Cooking : Cooking Game,시뮬레이션,15세이용가,,17+
AAPL-SM-241103-0091,Commando Survival War game ww2,액션,15세이용가,,17+
AAPL-SM-241103-0315,cEDH Hub,전략,15세이용가,,17+
AAPL-SM-241103-0603,Grumble РIinGО,기타,15세이용가,,17+
AAPL-SM-241103-0612,Escape Game White-Walled House,시뮬레이션,15세이용가,,17+
AAPL-SM-241103-0637,Charlie Charlie Game Challenge,시뮬레이션,15세이용가,,17+
AAPL-SM-241103-0645,Oneheal,기타,15세이용가,,17+
AAPL-SM-241103-0656,Sniper Siege: Camo Hunter,액션,15세이용가,,17+
AAPL-SM-241110-0441,メタバンチョ?,전략,15세이용가,,17+
AAPL-SM-241103-0712,Саня,,,,
AAPL-SM-241208-0167,Hard Block Blast - Puzzle Game,퍼즐,15세이용가,,17+
AAPL-SM-241208-0182,Trivia 2 Party Game,기타,15세이용가,,17+
AAPL-SM-241208-0299,Party Game: First to Last,기타,15세이용가,,17+
AAPL-SM-241208-0108,Pet Society Island,시뮬레이션,15세이용가,,17+
AAPL-SM-241201-0710,Pusher balls,기타,15세이용가,,17+
AAPL-SM-241201-0790,Purrfect Legacy-Kings,기타,15세이용가,,17+
AAPL-SM-241201-0031,絶?に出?えないマッチングアプリ - Clover -,시뮬레이션,15세이용가,,17+
AAPL-SM-241201-0104,MissQuiz,기타,15세이용가,,17+
AAPL-SM-241201-0040,Boss Moon,액션,15세이용가,,17+
AAPL-SM-241208-0046,Adventure War,전략,15세이용가,,17+
AAPL-SM-250105-0005,Couples Games & Trivia Zpreezy,기타,15세이용가,,17+
AAPL-SM-250105-0078,Wood Screw Master,퍼즐,15세이용가,,17+
AAPL-SM-250105-0108,FeverParty,기타,15세이용가,,17+
AAPL-SM-250105-0093,Water Sort Fish,퍼즐,15세이용가,,17+
AAPL-SM-241229-0135,Color Coffee Jam,퍼즐,15세이용가,,17+
AAPL-SM-241229-0202,Hen Catch Frog game,전략,15세이용가,,17+
AAPL-SM-241229-0212,Would You Rather - Fun Game,기타,15세이용가,,17+
AAPL-SM-241229-0069,SmartBets - AI Powered,스포츠,15세이용가,,17+
AAPL-SM-241229-0287,Cubedevur,기타,15세이용가,,17+
AAPL-SM-241229-0289,TangleGride,기타,15세이용가,,17+
